<?xml version="1.0"?>

<Layouts>

  <Rules>
    <ScreenCondition Width="240" Height="320">
      <UseLayout Name="240x320"/>
    </ScreenCondition>
    <ScreenCondition Width="320" Height="240">
      <UseLayout Name="320x240"/>
    </ScreenCondition>
    <ScreenCondition Width="240" Height="400">
      <UseLayout Name="240x400"/>
    </ScreenCondition>
    <ScreenCondition Width="400" Height="240">
      <UseLayout Name="320x240"/>
    </ScreenCondition>
    <ScreenCondition Width="320" Height="320">
      <UseLayout Name="320x320"/>
    </ScreenCondition>
    <ScreenCondition Width="240" Height="240">
      <UseLayout Name="240x240"/>
    </ScreenCondition>
    <Default>
      <UseLayout Name="240x320"/>
    </Default>
  </Rules>

  <General>
    <DefaultFont Face="Tahoma" HeightPxl="11" Bold="y" Color="FFFFFF"/>
    <Font Name="MediaWidget" Face="Tahoma" HeightPxl="11" Bold="n"/>
  </General>

  <Layout Name="Default">
    <Plugins> 

____________________CLOCKWORKS______________________

       <Plugin Name="AnalogClockWorks" Class="Spb.LSP.AnalogClock" Skin="qa_AnalogClockWorks1" DoubleSkin="va_AnalogClockWorks1" MiddleSkin="qa_AnalogClockWorks1" BoldFont="n">
        <DefaultFont Face="Tahoma" HeightPxl="9" Bold="n" Color="FFFFFF"/>
        <BoundRect X="0" Y="0" Width="100" Height="100"/>
      </Plugin>

-------------------------------------------------------
       <Plugin Name="ClockworksHalfMoon" Class="Spb.LSP.AnalogClock" Skin="qa_AnalogClockWorks2" DoubleSkin="va_AnalogClockWorks2" MiddleSkin="qa_AnalogClockWorks2" BoldFont="n">
        <DefaultFont Face="Tahoma" HeightPxl="9" Bold="n" Color="FFFFFF"/>
        <BoundRect X="0" Y="0" Width="100" Height="100"/>
      </Plugin>

-------------------------------------------------------
       <Plugin Name="ClockworksFullMoon" Class="Spb.LSP.AnalogClock" Skin="qa_AnalogClockWorks3" DoubleSkin="va_AnalogClockWorks3" MiddleSkin="qa_AnalogClockWorks3" BoldFont="n">
        <DefaultFont Face="Tahoma" HeightPxl="9" Bold="n" Color="FFFFFF"/>
        <BoundRect X="0" Y="0" Width="100" Height="100"/>
      </Plugin>

-------------------------------------------------------
       <Plugin Name="ClockWorksRound" Class="Spb.LSP.AnalogClock" Skin="qa_AnalogClockWorks4" DoubleSkin="va_AnalogClockWorks4" MiddleSkin="qa_AnalogClockWorks4" BoldFont="n">
        <DefaultFont Face="Tahoma" HeightPxl="9" Bold="n" Color="FFFFFF"/>
        <BoundRect X="0" Y="0" Width="100" Height="100"/>
      </Plugin>
	  
    </Plugins>
  </Layout>
--------------------------------------------------
  <Layout Name="240x320">
    <Plugins Extends="Default">
    </Plugins>
  </Layout>

  <Layout Name="240x400">
    <Plugins Extends="Default">
    </Plugins>
  </Layout>

  <Layout Name="240x240">
    <Plugins Extends="Default">
    </Plugins>
  </Layout>

  <Layout Name="320x320" DontScale="1">
    <Plugins Extends="Default">
    </Plugins>
  </Layout>

  <Layout Name="320x240">
    <Plugins Extends="Default">
    </Plugins>
  </Layout>

  <Layout Name="400x240">
    <Plugins Extends="Default">
    </Plugins>
  </Layout>

</Layouts>
