<?xml version="1.0"?>

<Layouts>

  <Rules>
    <ScreenCondition Width="240" Height="320">
      <UseLayout Name="240x320"/>
    </ScreenCondition>
    <ScreenCondition Width="320" Height="240">
      <UseLayout Name="320x240"/>
    </ScreenCondition>
    <ScreenCondition Width="240" Height="400">
      <UseLayout Name="240x400"/>
    </ScreenCondition>
    <ScreenCondition Width="400" Height="240">
      <UseLayout Name="320x240"/>
    </ScreenCondition>
    <ScreenCondition Width="320" Height="320">
      <UseLayout Name="320x320"/>
    </ScreenCondition>
    <ScreenCondition Width="240" Height="240">
      <UseLayout Name="240x240"/>
    </ScreenCondition>
    <Default>
      <UseLayout Name="240x320"/>
    </Default>
  </Rules>

  <General>
    <DefaultFont Face="Tahoma" HeightPxl="11" Bold="y" Color="FFFFFF"/>
    <Font Name="MediaWidget" Face="Tahoma" HeightPxl="11" Bold="n"/>
  </General>

  <Layout Name="Default">
    <Plugins> 

____________________CLOCKWORKS______________________

       <Plugin Name="ClockworksBackBig" Class="Spb.LSP.AnalogClock" Skin="va_clockworks_back_big" DoubleSkin="va_clockworks_back_big" MiddleSkin="va_clockworks_back_big">
        <DefaultFont Face="Tahoma" HeightPxl="9" Bold="n" Color="FFFFFF"/>
        <BoundRect X="0" Y="0" Width="100" Height="100"/>
		<String Name="_Size" Value="Clockworks BACK BIG"/>
      </Plugin>
-------------------------------------------------------
       <Plugin Name="ClockworksMLBackBig" Class="Spb.LSP.AnalogClock" Skin="va_clockworks_back_L_big" DoubleSkin="va_clockworks_back_L_big" MiddleSkin="va_clockworks_back_L_big">
        <DefaultFont Face="Tahoma" HeightPxl="9" Bold="n" Color="FFFFFF"/>
        <BoundRect X="0" Y="0" Width="100" Height="100"/>
		<String Name="_Size" Value="Clw Moonlight BACK BIG"/>
      </Plugin>
-------------------------------------------------------
       <Plugin Name="ClockworksMLWBackBig" Class="Spb.LSP.AnalogClock" Skin="va_clockworks_back_LW_big" DoubleSkin="va_clockworks_back_LW_big" MiddleSkin="va_clockworks_back_LW_big">
        <DefaultFont Face="Tahoma" HeightPxl="9" Bold="n" Color="FFFFFF"/>
        <BoundRect X="0" Y="0" Width="100" Height="100"/>
        <String Name="_Size" Value="Clw MoonlightW BACK BIG"/>
      </Plugin>
-------------------------------------------------------
       <Plugin Name="ClockworksHalfmoonBig" Class="Spb.LSP.AnalogClock" Skin="va_clockworks_halfmoon_big" DoubleSkin="va_clockworks_halfmoon_big" MiddleSkin="va_clockworks_halfmoon_big">
        <DefaultFont Face="Tahoma" HeightPxl="9" Bold="n" Color="FFFFFF"/>
        <BoundRect X="0" Y="0" Width="100" Height="100"/>
        <String Name="_Size" Value="Clw Half moon BIG"/>
      </Plugin>
-------------------------------------------------------
       <Plugin Name="ClockworksFullmoonBig" Class="Spb.LSP.AnalogClock" Skin="va_clockworks_fullmoon_big" DoubleSkin="va_clockworks_fullmoon_big" MiddleSkin="va_clockworks_fullmoon_big">
        <DefaultFont Face="Tahoma" HeightPxl="9" Bold="n" Color="FFFFFF"/>
        <BoundRect X="0" Y="0" Width="100" Height="100"/>
        <String Name="_Size" Value="Clw Full moon BIG"/>
      </Plugin>
-------------------------------------------------------
       <Plugin Name="ClockworksNewmoonBig" Class="Spb.LSP.AnalogClock" Skin="va_clockworks_newmoon_big" DoubleSkin="va_clockworks_newmoon_big" MiddleSkin="va_clockworks_newmoon_big">
        <DefaultFont Face="Tahoma" HeightPxl="9" Bold="n" Color="FFFFFF"/>
        <BoundRect X="0" Y="0" Width="100" Height="100"/>
        <String Name="_Size" Value="Clw New moon BIG"/>
      </Plugin>
-------------------------------------------------------
       <Plugin Name="ClockworksMoonlightBig" Class="Spb.LSP.AnalogClock" Skin="va_clockworks_moonlight_big" DoubleSkin="va_clockworks_moonlight_big" MiddleSkin="va_clockworks_moonlight_big">
        <DefaultFont Face="Tahoma" HeightPxl="9" Bold="n" Color="FFFFFF"/>
        <BoundRect X="0" Y="0" Width="100" Height="100"/>
        <String Name="_Size" Value="Clw Moonlight BIG"/>
      </Plugin>
-------------------------------------------------------
       <Plugin Name="ClockworksWhiteStars" Class="Spb.LSP.AnalogClock" Skin="va_clockworks_Wstars_big" DoubleSkin="va_clockworks_Wstars_big" MiddleSkin="va_clockworks_Wstars_big">
        <DefaultFont Face="Tahoma" HeightPxl="9" Bold="n" Color="FFFFFF"/>
        <BoundRect X="0" Y="0" Width="100" Height="100"/>
        <String Name="_Size" Value="Clw White Stars BIG"/>
      </Plugin>
-------------------------------------------------------
       <Plugin Name="ClockworksBlackStars" Class="Spb.LSP.AnalogClock" Skin="va_clockworks_Bstars_big" DoubleSkin="va_clockworks_Bstars_big" MiddleSkin="va_clockworks_Bstars_big">
        <DefaultFont Face="Tahoma" HeightPxl="9" Bold="n" Color="FFFFFF"/>
        <BoundRect X="0" Y="0" Width="100" Height="100"/>
        <String Name="_Size" Value="Clw Black Stars BIG"/>
      </Plugin>
-------------------------------------------------------
       <Plugin Name="ClockworksWhiteHands" Class="Spb.LSP.AnalogClock" Skin="va_clockworks_white_hands" DoubleSkin="va_clockworks_white_hands" MiddleSkin="va_clockworks_white_hands">
        <DefaultFont Face="Tahoma" HeightPxl="9" Bold="n" Color="FFFFFF"/>
        <BoundRect X="0" Y="0" Width="100" Height="100"/>
		<String Name="_Size" Value="Clw Wh hands TOP BIG"/>
      </Plugin>
-------------------------------------------------------
       <Plugin Name="ClockworksWhiteArrows" Class="Spb.LSP.AnalogClock" Skin="va_clockworks_white_arrows" DoubleSkin="va_clockworks_white_arrows" MiddleSkin="va_clockworks_white_arrows">
        <DefaultFont Face="Tahoma" HeightPxl="9" Bold="n" Color="FFFFFF"/>
        <BoundRect X="0" Y="0" Width="100" Height="100"/>
		<String Name="_Size" Value="Clw Wh arrows TOP BIG"/>
      </Plugin>
-------------------------------------------------------




       <Plugin Name="ClockworksBackSmall" Class="Spb.LSP.AnalogClock" Skin="va_clockworks_back_small" DoubleSkin="va_clockworks_back_small" MiddleSkin="va_clockworks_back_small">
        <DefaultFont Face="Tahoma" HeightPxl="9" Bold="n" Color="FFFFFF"/>
        <BoundRect X="0" Y="0" Width="60" Height="60"/>
		<String Name="_Size" Value="Clockworks BACK SMALL"/>
      </Plugin>
-------------------------------------------------------
       <Plugin Name="ClockworksMLBackSmall" Class="Spb.LSP.AnalogClock" Skin="va_clockworks_back_L_small" DoubleSkin="va_clockworks_back_L_small" MiddleSkin="va_clockworks_back_L_small">
        <DefaultFont Face="Tahoma" HeightPxl="9" Bold="n" Color="FFFFFF"/>
        <BoundRect X="0" Y="0" Width="60" Height="60"/>
		<String Name="_Size" Value="Clw Moonlight BACK SMALL"/>
      </Plugin>
-------------------------------------------------------
       <Plugin Name="ClockworksMLWBackSmall" Class="Spb.LSP.AnalogClock" Skin="va_clockworks_back_LW_small" DoubleSkin="va_clockworks_back_LW_small" MiddleSkin="va_clockworks_back_LW_small">
        <DefaultFont Face="Tahoma" HeightPxl="9" Bold="n" Color="FFFFFF"/>
        <BoundRect X="0" Y="0" Width="60" Height="60"/>
        <String Name="_Size" Value="Clw MoonlightW BACK SMALL"/>
      </Plugin>
-------------------------------------------------------
       <Plugin Name="ClockworksHalfmoonSmall" Class="Spb.LSP.AnalogClock" Skin="va_clockworks_halfmoon_small" DoubleSkin="va_clockworks_halfmoon_small" MiddleSkin="va_clockworks_halfmoon_small">
        <DefaultFont Face="Tahoma" HeightPxl="9" Bold="n" Color="FFFFFF"/>
        <BoundRect X="0" Y="0" Width="60" Height="60"/>
		<String Name="_Size" Value="Clw Half moon SMALL"/>
      </Plugin>
-------------------------------------------------------
       <Plugin Name="ClockworksFullmoonSmall" Class="Spb.LSP.AnalogClock" Skin="va_clockworks_fullmoon_small" DoubleSkin="va_clockworks_fullmoon_small" MiddleSkin="va_clockworks_fullmoon_small">
        <DefaultFont Face="Tahoma" HeightPxl="9" Bold="n" Color="FFFFFF"/>
        <BoundRect X="0" Y="0" Width="60" Height="60"/>
		<String Name="_Size" Value="Clw Full moon SMALL"/>
      </Plugin>
-------------------------------------------------------
       <Plugin Name="ClockworksNewmoonSmall" Class="Spb.LSP.AnalogClock" Skin="va_clockworks_newmoon_small" DoubleSkin="va_clockworks_newmoon_small" MiddleSkin="va_clockworks_newmoon_small">
        <DefaultFont Face="Tahoma" HeightPxl="9" Bold="n" Color="FFFFFF"/>
        <BoundRect X="0" Y="0" Width="60" Height="60"/>
		<String Name="_Size" Value="Clw New moon SMALL"/>
      </Plugin>
-------------------------------------------------------
       <Plugin Name="ClockworksMoonlightSmall" Class="Spb.LSP.AnalogClock" Skin="va_clockworks_moonlight_small" DoubleSkin="va_clockworks_moonlight_small" MiddleSkin="va_clockworks_moonlight_small">
        <DefaultFont Face="Tahoma" HeightPxl="9" Bold="n" Color="FFFFFF"/>
        <BoundRect X="0" Y="0" Width="60" Height="60"/>
        <String Name="_Size" Value="Clw Moonlight SMALL"/>
      </Plugin>
-------------------------------------------------------
       <Plugin Name="ClockworksWhiteStarsSmall" Class="Spb.LSP.AnalogClock" Skin="va_clockworks_Wstars_small" DoubleSkin="va_clockworks_Wstars_small" MiddleSkin="va_clockworks_Wstars_small">
        <DefaultFont Face="Tahoma" HeightPxl="9" Bold="n" Color="FFFFFF"/>
        <BoundRect X="0" Y="0" Width="60" Height="60"/>
        <String Name="_Size" Value="Clw White Stars SMALL"/>
      </Plugin>
-------------------------------------------------------
       <Plugin Name="ClockworksBlackStarsSmall" Class="Spb.LSP.AnalogClock" Skin="va_clockworks_Bstars_small" DoubleSkin="va_clockworks_Bstars_small" MiddleSkin="va_clockworks_Bstars_small">
        <DefaultFont Face="Tahoma" HeightPxl="9" Bold="n" Color="FFFFFF"/>
        <BoundRect X="0" Y="0" Width="60" Height="60"/>
        <String Name="_Size" Value="Clw Black Stars SMALL"/>
      </Plugin>
-------------------------------------------------------
       <Plugin Name="ClockworksWhiteHandsSmall" Class="Spb.LSP.AnalogClock" Skin="va_clockworks_white_hands_small" DoubleSkin="va_clockworks_white_hands_small" MiddleSkin="va_clockworks_white_hands_small">
        <DefaultFont Face="Tahoma" HeightPxl="9" Bold="n" Color="FFFFFF"/>
        <BoundRect X="0" Y="0" Width="60" Height="60"/>
		<String Name="_Size" Value="Clw Wh hands TOP SMALL"/>
      </Plugin>
-------------------------------------------------------
       <Plugin Name="ClockworksWhiteArrowsSmall" Class="Spb.LSP.AnalogClock" Skin="va_clockworks_white_arrows_small" DoubleSkin="va_clockworks_white_arrows_small" MiddleSkin="va_clockworks_white_arrows_small">
        <DefaultFont Face="Tahoma" HeightPxl="9" Bold="n" Color="FFFFFF"/>
        <BoundRect X="0" Y="0" Width="60" Height="60"/>
		<String Name="_Size" Value="Clw Wh arrows TOP SMALL"/>
      </Plugin>
-------------------------------------------------------
	  
    </Plugins>
  </Layout>
--------------------------------------------------
  <Layout Name="240x320">
    <Plugins Extends="Default">
    </Plugins>
  </Layout>

  <Layout Name="240x400">
    <Plugins Extends="Default">
    </Plugins>
  </Layout>

  <Layout Name="240x240">
    <Plugins Extends="Default">
    </Plugins>
  </Layout>

  <Layout Name="320x320" DontScale="1">
    <Plugins Extends="Default">
    </Plugins>
  </Layout>

  <Layout Name="320x240">
    <Plugins Extends="Default">
    </Plugins>
  </Layout>

  <Layout Name="400x240">
    <Plugins Extends="Default">
    </Plugins>
  </Layout>

</Layouts>
